{
    "resources": [
        {
            "name": "..\\..\\demo\\fiori\\index.html"
        },
        {
            "name": "..\\..\\demo\\fiori\\Component.js"
        },
        {
            "name": "..\\..\\demo\\fiori\\manifest.json"
        },
        {
            "name": "..\\..\\demo\\fiori\\manifest-bundle.zip"
        },
        {
            "name": "..\\..\\demo\\fiori\\Component-preload.js",
            "merged": true
        },
        {
            "name": "..\\..\\demo\\fiori\\Component-dbg.js",
            "isDebug": true
        },
        {
            "name": "..\\..\\sap-ui-version.json"
        },
        {
            "name": "..\\..\\demo\\fiori\\i18n\\i18n.properties",
            "raw": "i18n\\i18n.properties"
        }
    ]
}